{
"eng_info":{
		"eng_name":["工程名称"],
		"eng_no":["工程编号"],
		"boring_no":["钻孔编号", "孔口", "孔号", "钻探井号", "探井号","号孔"],
		"orifice_height":["孔口高程", "孔口标高（m）", "井口标高", "孔口标高", "孔口高程(m)", "孔口标高(m)"],
		"orifice_diameter":["孔口直径（m）", "开孔直径（m）", "钻孔直径", "孔口直径", "孔口直径(m)", "孔口直径(mm)"],
		"hole_depth":["终孔深度（m）", "终孔深度(m)"],
		"coordinates":["坐标", "x坐标（m）", "y坐标（m）", "坐标(m)", "x坐标(m)"],
		"start_date":["开工日期", "开孔日期"],
		"completion_date":["竣工日期", "终孔日期", "施工日期"],
		"water_depth":["稳定水位深度", "稳定水位深度(m)"],
		"water_date":["测量水位日期", "测量日期", "稳定水位日期"],
		"stable_water_level":["稳定水位(m)", "稳定水位深度", "稳定水位"],
		"pressure_water_level":["承压水位(m)"],
		"initial_water_level":["初见水位深度", "初见水位", "初始水位", "初始水位(m)"],
		"mileage":["里程"],
		"offset":["偏移"],
		"drill_depth":["钻孔深度"],
		"eng_name_coor": ["工程名称坐标"],
		"eng_no_coor": ["工程编号坐标"],
		"boring_no_coor": ["钻孔编号坐标"],
		"orifice_height_coor": ["孔口高程坐标"],
		"orifice_diameter_coor": ["孔口直径坐标"],
		"hole_depth_coor": ["终孔深度坐标"],
		"start_date_coor": ["开工日期坐标"],
		"completion_date_coor": ["竣工日期坐标"],
		"water_depth_coor": ["稳定水位深度坐标"],
		"water_date_coor": ["测量水位日期坐标"],
		"stable_water_level_coor": ["稳定水位坐标"],
		"pressure_water_level_coor": ["承压水位坐标"],
		"initial_water_level_coor": ["初见水位深度坐标"],
		"mileage_coor": ["里程坐标"],
		"offset_coor": ["偏移坐标"],
		"drill_depth_coor": ["钻孔深度坐标"]
},


"land_info":{
        "geological_age":["地质时代", "时代成因", "地层年代", "成因时代"],
        "floor_number":["层号", "地层编号", "地层"],
        "stratum_name":["地层名称"],
        "bottom_elevation":["层底标高(m)", "层底高程(m)", "高程(m)", "层底(m)", "高程", "层底高程（", "层底高程(", "层底高程"],
        "bottom_depth":["层底深度(m)", "深度(m)", "深度", "层底深度(", "层底深度（", "层底深度", "层底深度(m）"],
        "delamination_thickness":["分层厚度(m)", "分层厚度","厚度(m)", "层厚", "层厚(m)"],
        "histogram":["柱状图1:250", "柱状图图例1:300", "岩层剖面比例尺", "柱状图比例尺1:150", "柱状图1:100"],
        "state":["状态风华程度" ],
        "lithology_description":["岩性描述", "岩土名称及其特征", "地层描述","描述地层","岩述性描", "岩性述描", "岩描性述", "岩描述性", "述岩性描", "述岩性描1", "岩述描性"],
		"geological_age_coor": ["地质时代坐标"],
		"floor_number_coor": ["地层编号坐标"],
		"stratum_name_coor": ["地层名称坐标"],
		"bottom_elevation_coor": ["层底标高坐标"],
		"bottom_depth_coor": ["层底深度坐标"],
		"delamination_thickness_coor": ["分层厚度坐标"],
		"histogram_coor": ["柱状图1坐标"],
		"state_coor": ["状态风华程度坐标"],
		"lithology_description_coor": ["岩性描述坐标"]

},
"deep_info":{
		"sampling":["取样", "取样位置m", "取样编号", "取样（"],
        "penetration_depth":["标贯中点深度","标贯中点深度(m)", "标贯动探"],
        "penetration_hit":["标贯实测击数", "标贯击数(击)", "N(击)", "标贯击数（击）"],
        "stable_water_level":["稳定水位(m)和水位日期", "稳定水位", "稳定水位w和水位日期"],
        "note":["附注"],
        "resistance_limit":["桩侧阻极限标准值"],
        "bearing_capacity":["承载力基本容许值"],
        "friction_force":["桩侧摩阻力标准值"],
		"geological_age_coor": ["地质时代坐标"],
		"actual_sampling_coor": ["实际取样坐标"],
		"sampling_coor": ["计算取样坐标"],
		"actual_penetration_depth_coor": ["实际标贯中点深度坐标"],
		"penetration_depth_coor": ["计算标贯中点深度坐标"],
		"penetration_hit_coor": ["标贯实测击数坐标"],
		"stable_water_level_coor": ["稳定水位坐标"],
		"note_coor": ["附注坐标"],
		"resistance_limit_coor": ["桩侧阻极限标准值坐标"],
		"bearing_capacity_coor": ["承载力基本容许值坐标"],
		"friction_force_coor": ["桩侧摩阻力标准值坐标"]
},
"lands": ["地质时代", "时代成因", "地层年代", "成因时代", "层号", "地层编号","地层名称","层底标高(m)", "层底高程(m)", "高程(m)", "层底(m)","高程", "层底高程（", "层底高程(", "层底高程",
"层底深度(m)", "层底深度","分层厚度(m)", "分层厚度", "厚度(m)", "层厚","岩性描述", "岩土名称及其特征", "地层描述","描述地层","岩述性描", "岩性述描", "岩描性述", "岩描述性", "述岩性描"],

	"deep": ["地质时代", "时代成因", "地层年代", "成因时代", "取样", "取样位置m", "取样编号", "取样（", "标贯中点深度","标贯中点深度(m)",
"标贯动探","标贯实测击数", "标贯击数(击)", "N(击)", "标贯击数（击）","稳定水位(m)和水位日期", "稳定水位", "稳定水位w和水位日期","附注",
	"桩侧阻极限标准值", "桩侧摩阻力标准值", "承载力基本容许值"]

}


