{

    "工程名称":["工程名称"],
    "工程编号":["工程编号"],
    "钻孔编号":["钻孔编号", "孔口", "孔号", "钻探井号", "探井号"],
    "孔口高程":["孔口高程", "孔口标高", "井口标高", "孔口标高"],
    "孔口直径(m)":["孔口直径", "开孔直径", "钻孔直径", "孔口直径"],
    "终孔深度(m)":["终孔深度"],
    "坐标":["坐标", "x坐标", "y坐标", "坐标"],
    "开工日期":["开工日期", "开孔日期"],
    "竣工日期":["竣工日期", "终孔日期", "施工日期"],
    "测量水位日期":["测量水位日期", "测量日期"],
    "稳定水位(m)":["稳定水位", "稳定水位深度", "稳定水位", "稳定水位深度"],
    "承压水位(m)":["承压水位"],
    "初见水位深度":["初见水位深度", "初见水位", "初始水位", "初始水位"],
    "里程":["里程"],
    "偏移":["偏移"],
    "钻孔深度":["钻孔深度"],
    "层号":["层号"],
    "地层名称":["地层名称"],
    "层底标高(m)":["层底标高", "层底高程", "高程", "层底"],
    "层底深度(m)":["层底深度", "深度"],
    "分层厚度(m)":["分层厚度", "厚度", "层厚"],
    "柱状图":["柱状图1:250", "柱状图图例1:300", "岩层剖面比例尺", "柱状图比例尺1:150", "柱状图1:100"],
    "状态风华程度":["状态风华程度" ],
    "岩性描述":["岩性描述", "岩土名称及其特征","地层描述"],
    "地质时代":["地质时代", "时代成因", "地层年代", "成因时代"],
    "取样":["取样", "取样位置", "取样编号"],
    "标贯中点深度(m)":["标贯中点深度", "标贯动探"],
    "标贯实测击数":["标贯实测击数", "标贯击数击", "N击"],
    "稳定水位(m)和水位日期":["稳定水位和水位日期", "稳定水位"],
    "附注":["附注"],
    "桩侧阻极限标准值":["桩侧阻极限标准值"],
    "承载力基本容许值":["承载力基本容许值"],
    "桩侧摩阻力标准值":["桩侧摩阻力标准值" ]

}
