{
  "data":{
      "reporting_unit": ["填报单位：", "填报单位"],
      "contacts": ["联系人：", "联系人"],
      "phone": ["联系手机：", "联系手机"],
      "number": ["编号", "病害编号"],
      "danger_type": ["隐患类型", "病害属性"],
      "size": ["尺寸", "平面尺寸"],
      "buried_depth": ["埋深(cm)", "埋深", "影响深度"],
      "latitude": ["B", "Y", "Y"],
      "longitude": ["L", "X", "X"],
      "n": ["N"],
      "e": ["E"],
      "danger_level": ["隐患等级", "风险等级"],
      "location_description": ["地理位置描述", "病害位置描述"],
      "road_name": ["道路名称"],
      "cause_analysis": ["成因分析", "原因初步分析及处置建议", "处置建议"],
      "verification_results": ["钻探及其他验证结果"]
  },

  "img":{
      "map_location": ["地图位置示意", "电子地图"],
      "real_location": ["实景位置示意", "现场环境照片"],
      "detection_data": ["探测数据垂直剖面图", "雷达图像"],
      "retest_data": ["复测数据垂直剖面图", "验证照片"],
      "danger_top": ["隐患体顶部埋深量测图"],
      "danger_bottom": ["隐患体底部埋深量测图"],
      "drilling_hole": ["钻孔后孔中影像"],
      "drilling_core": ["钻孔芯样实拍"]},

    "img_list": ["地图位置示意","实景位置示意","探测数据垂直剖面图","复测数据垂直剖面图","隐患体顶部埋深量测图","隐患体底部埋深量测图",
    "钻孔后孔中影像","钻孔芯样实拍", "电子地图", "现场环境照片", "雷达图像", "验证照片"]
}